<?xml version="1.0" encoding="UTF-8"?>
<jcr:root xmlns:sling="http://sling.apache.org/jcr/sling/1.0" xmlns:cq="http://www.day.com/jcr/cq/1.0" xmlns:jcr="http://www.jcp.org/jcr/1.0" xmlns:nt="http://www.jcp.org/jcr/nt/1.0"
    jcr:primaryType="cq:Page">
    <jcr:content
        cq:lastModified="{Date}2017-03-25T15:34:52.427+05:30"
        cq:lastModifiedBy="admin"
        cq:template="/libs/wcm/core/templates/designpage"
        jcr:primaryType="cq:PageContent"
        jcr:title="infosquare"
        sling:resourceType="wcm/core/components/designer">
        <page jcr:primaryType="nt:unstructured">
            <content
                jcr:lastModified="{Date}2017-03-24T18:18:31.990+05:30"
                jcr:lastModifiedBy="admin"
                jcr:primaryType="nt:unstructured"
                sling:resourceType="wcm/foundation/components/parsys"
                components="[/apps/Infosquare/Components/image,/apps/Infosquare/Components/text,/apps/Infosquare/Components/title]">
                <section jcr:primaryType="nt:unstructured"/>
            </content>
            <par
                jcr:lastModified="{Date}2017-03-25T15:34:52.426+05:30"
                jcr:lastModifiedBy="admin"
                jcr:primaryType="nt:unstructured"
                sling:resourceType="foundation/components/parsys"
                components="group:Infosquare">
                <section jcr:primaryType="nt:unstructured"/>
            </par>
        </page>
        <Education jcr:primaryType="nt:unstructured">
            <content
                jcr:lastModified="{Date}2017-03-24T17:38:12.157+05:30"
                jcr:lastModifiedBy="admin"
                jcr:primaryType="nt:unstructured"
                sling:resourceType="wcm/foundation/components/parsys"
                components="[/apps/Infosquare/Components/Video,/apps/Infosquare/Components/image,/apps/Infosquare/Components/Homepage,/apps/Infosquare/Components/list,/apps/Infosquare/Components/text,/apps/Infosquare/Components/title]">
                <section jcr:primaryType="nt:unstructured"/>
            </content>
            <par
                jcr:lastModified="{Date}2017-03-25T14:59:01.712+05:30"
                jcr:lastModifiedBy="admin"
                jcr:primaryType="nt:unstructured"
                sling:resourceType="foundation/components/parsys"
                components="[/apps/Infosquare/Components/youtube,/apps/Infosquare/Components/image,/apps/Infosquare/Components/text,/apps/Infosquare/Components/title]">
                <section jcr:primaryType="nt:unstructured"/>
            </par>
        </Education>
        <Politics jcr:primaryType="nt:unstructured">
            <content
                jcr:lastModified="{Date}2017-03-24T18:44:42.674+05:30"
                jcr:lastModifiedBy="admin"
                jcr:primaryType="nt:unstructured"
                sling:resourceType="wcm/foundation/components/parsys"
                components="group:Infosquare">
                <section jcr:primaryType="nt:unstructured"/>
            </content>
            <par
                jcr:lastModified="{Date}2017-03-25T15:30:20.713+05:30"
                jcr:lastModifiedBy="admin"
                jcr:primaryType="nt:unstructured"
                sling:resourceType="foundation/components/parsys"
                components="/apps/Infosquare/Components/youtube">
                <section jcr:primaryType="nt:unstructured"/>
            </par>
        </Politics>
        <Entertainment jcr:primaryType="nt:unstructured">
            <par
                jcr:lastModified="{Date}2017-03-25T15:11:53.466+05:30"
                jcr:lastModifiedBy="admin"
                jcr:primaryType="nt:unstructured"
                sling:resourceType="foundation/components/parsys"
                components="/apps/Infosquare/Components/youtube">
                <section jcr:primaryType="nt:unstructured"/>
            </par>
        </Entertainment>
        <Healthcare jcr:primaryType="nt:unstructured">
            <par
                jcr:lastModified="{Date}2017-03-25T15:18:01.282+05:30"
                jcr:lastModifiedBy="admin"
                jcr:primaryType="nt:unstructured"
                sling:resourceType="foundation/components/parsys"
                components="/apps/Infosquare/Components/youtube">
                <section jcr:primaryType="nt:unstructured"/>
            </par>
        </Healthcare>
        <Sports jcr:primaryType="nt:unstructured">
            <par
                jcr:lastModified="{Date}2017-03-25T15:22:30.263+05:30"
                jcr:lastModifiedBy="admin"
                jcr:primaryType="nt:unstructured"
                sling:resourceType="foundation/components/parsys"
                components="/apps/Infosquare/Components/youtube">
                <section jcr:primaryType="nt:unstructured"/>
            </par>
        </Sports>
    </jcr:content>
    <static.css/>
</jcr:root>
