<?xml version="1.0" encoding="UTF-8"?>
<jcr:root xmlns:oak="http://jackrabbit.apache.org/oak/ns/1.0" xmlns:sling="http://sling.apache.org/jcr/sling/1.0" xmlns:jcr="http://www.jcp.org/jcr/1.0" xmlns:mix="http://www.jcp.org/jcr/mix/1.0" xmlns:rep="internal"
    jcr:mixinTypes="[mix:lockable,rep:AccessControllable,sling:Redirect]"
    jcr:primaryType="sling:OrderedFolder"
    jcr:title="Content Root"
    sling:resourceType="sling:redirect"
    sling:target="/geohome">
    <projects/>
    <dam/>
    <usergenerated/>
    <rep:policy/>
    <campaigns/>
    <phonegap/>
    <mobileapps/>
    <launches/>
    <publications/>
    <forms/>
    <screens/>
    <communities/>
    <sites/>
    <community-components/>
    <catalogs/>
    <geometrixx-outdoors/>
    <geometrixx-outdoors-mobile/>
    <geometrixx/>
    <geometrixx-media/>
    <geometrixx-gov/>
    <MyFirstWeb/>
    <we-retail/>
    <oak:index/>
    <practise/>
    <Infosquare/>
</jcr:root>
