<?xml version="1.0" encoding="UTF-8"?>
<jcr:root xmlns:sling="http://sling.apache.org/jcr/sling/1.0" xmlns:cq="http://www.day.com/jcr/cq/1.0" xmlns:jcr="http://www.jcp.org/jcr/1.0" xmlns:nt="http://www.jcp.org/jcr/nt/1.0"
    jcr:primaryType="sling:OrderedFolder">
    <jcr:content
        cq:lastModified="{Date}2017-03-21T19:08:23.833+05:30"
        cq:lastModifiedBy="admin"
        jcr:primaryType="nt:unstructured"
        jcr:title="Infosquare">
        <folderThumbnail/>
    </jcr:content>
    <homebanner.png/>
    <edu/>
    <edu.png/>
    <logoimg3.jpg/>
    <homebanner.jpg/>
    <pol1.png/>
    <sport.png/>
    <health.png/>
    <et.png/>
    <about.png/>
    <mars-surface.jpg/>
    <Education/>
    <_x0035_80845-spacewalk.jpg/>
    <edu2.jpg/>
    <IIT.jpeg/>
    <iit-delhi_759.jpg/>
    <iit-kharagpur_480.jpg/>
    <education-banner.jpg/>
    <education.jpg/>
    <about-us-banner-new.jpg/>
    <aboutusbanner.jpg/>
    <aboutus_banner.png/>
    <mediaentertainment-inner-banner.jpg/>
    <Healthcare-Banner.png/>
    <solution-healthcare-banner.jpg/>
    <howDoParls-banner_x0040_2x.png/>
    <politics_banner.jpg/>
    <banner-934.jpg/>
    <sports-banner.jpg/>
    <e1.jpg/>
    <vK.jpg/>
    <s3.jpg/>
    <s4.jpg/>
    <s5.jpg/>
    <ee1.png/>
    <ee2.jpg/>
    <ee3.jpg/>
    <ee4.jpg/>
    <h1.jpg/>
    <h2.jpg/>
    <h3.jpg/>
    <h4.jpg/>
    <p1.png/>
    <p2.jpg/>
    <p3.jpg/>
    <p4.jpg/>
    <p5.jpg/>
    <bottom-banner.jpg/>
    <GitHub-Mark.png/>
    <_x0032_5231.png/>
    <email.png/>
</jcr:root>
